title,type,url,follower,following,post,description
NAILS BY MEI⁖ ˖ (@nailsbymei),a,https://www.instagram.com/nailsbymei/?hl=en,348000,0,8229,@nailsbymei‎: “‎ ... TOKYO ✨. Follow. suki_nailz. Nail salon East london. Follow. roho7nailz. Follow.
"Tokyo Nails (@tokyonails.chicago) · Chicago, IL",a,https://www.instagram.com/tokyonails.chicago/?hl=en,16000,0,0,Editorial & Design Salon Specializing in Japanese Gel/GelX Hand Painted Art By Appointment Only Acrylic #japanesegel 215 N ...
SIMONE BILES (@simonebiles),a,https://www.instagram.com/simonebiles/?hl=en,12000000,291,2987,SIMONE BILES (@simonebiles) on ... nails's profile picture. nails. madrid's profile picture. madrid. bahamas's ...
Khloé Kardashian (@khloekardashian),a,https://www.instagram.com/khloekardashian/?hl=en,302000000,142,4719,@khloekardashian: “Buy Khloud ... Nails's profile picture. Nails. Photo by ...
SUCRE (@nail.sucre),a,https://www.instagram.com/nail.sucre/?hl=en,94000,22,10016,@nail.sucre: “新宿区新宿3丁目3-9新宿伍名館204 TOKYO.SHINJUKU @nail.sucreamer @sucre.newyork sister store No ...
Sam is Home | Hong Kong (@samishome),a,https://www.instagram.com/samishome/?hl=en,305000,286,2168,@samishome: “Sam ... Sam. Follow. tokyoweekender's profile picture. tokyoweekender. Tokyo Weekender.
Úrsula Corberó (@ursulolita),a,https://www.instagram.com/ursulolita/?hl=en,20000000,908,405,@ursulolita: “#TheDayOfTheJackal #Chacal ”
Rina Sawayama (@rinasonline),a,https://www.instagram.com/rinasonline/?hl=en,1000000,25,421,@rinasonline: “ @godmodebeauty”
Kim Kardashian (@kimkardashian),a,https://www.instagram.com/kimkardashian/,356000000,354,6463,@kimkardashian: “@SKIMS @SKKYPARTNERS”
Ilona Maher (@ilonamaher),a,https://www.instagram.com/ilonamaher/?hl=en,5000000,0,2692,@ilonamaher: “OLYMPIC MEDALIST ... Tokyo's profile picture. Tokyo. 's profile picture.. USA 7s's profile ...
